1532339834,Vodafone will reimburse customers who have paid to use the hotspot,
1532344299,"‚Ä¢ 50 Prozent Rabatt und Anschlusspreis sparen: 6 GB All-In-Flat im Vodafone-Netz f√ºr mtl. 14,99 Euro",
1532344299,11th Annual Cloud &amp; Big Data Analytics 2018,"**‚ÄúConvergence of two key technologies‚Äù**

**Virtue Insight** is happy to invite you to **11th Annual Cloud &amp; Big Data Analytics 2018** to attend as a sponsor/delegate to be held on **29th November 2018, Sterlings Mac (Matthan Hotel), Bangalore, India.**The 11th Annual Cloud &amp; Big Data Analytics 2018 focuses on the emerging area of cloud, inspired by some latest advances that concern the infrastructure, operations, and available services through the global network. The conference is nevertheless not about the union of these two (already broad) fields, but about cloud where we are also interested in how services science can provide theory, methods and techniques to design, analyse, manage, market and study various aspects of cloud computing.The data industry is growing fast, and Virtue Insight‚Äôs Cloud Conference has grown right along with it.¬† We've added new sessions and tracks to reflect challenges that have emerged in the data field including Data Security, Data Analytics, AI, Hybrid Cloud, Machine Learning, Digital Transformation and much more.

**KEY SPEAKERS:**

* **ANNIE MATHEW,** Sr. Director, **Evangelism, Microsoft**
* **LUX RAO,** Director &amp; Leader - Digital Transformation, **Cisco**
* **BAPIRAJU NANDURY,** Program Director Cloud and Cognitive Software, **IBM**
* **SHOURYA ROY,** Head and VP, **American Express Big Data Labs**
* **RAMESH CHANDRA PATHAK,** Associate Director, Chief Architect Public Cloud, **IBM** 
* **KRISHNA MARKANDE,** Associate Vice President, Principal Technology Architect, **Infosys**
* **DEBAL CHAKRABORTY,** AVP ‚Äì Analytics, **Vodafone Shared Services**
* **VIBHAKAR BHUSHAN,** Member Governing Board, **Cloud Computing Innovation Council Of India**
* **RAVINDER PAL SINGH,** Director - Solutions Business Development, **Dell EMC**
* **ANUP REGHUNATHAN,** Senior Engineering Manager, **Microsoft**
* **CHIRANJIV ROY,** Principal Data Scientist, **Mercedes-Benz Research and Development**
* **MATHANGI SRI,** Vice President Next Gen Solutions, **Citi**
* **GANAPATHY V,** Business Lead - Data Science and AI Group, Senior Director, **Philips** 
* **JOPHY VARGHESE,** APAC Head - Strategic SIs &amp; Alliances, **Verizon**
* **PETHURU RAJ,** Chief Architect and Vice-President, **Reliance Jio Cloud**
* **UTTAM KUMAR,** Head - New Technologies Innovation &amp; Incubation, **Aircel**
* **SUNDARA RAMALINGAM NAGALINGAM,** Head - Deep Learning Practice,**NVIDIA Graphics**
* **SATISH VISWANATHAN,** Chief Product Officer, **NxtGen Datacenter &amp; Cloud Technologies**
* **GOUTHAM UPADHYAYA,** Cloud Solutions Architect, **Alibaba Cloud International**
* **MUKESH JAIN,** CTO (Former VP &amp; Head-Big Data Analytics, Jio), **VFS Global**
* **VISWANADH AKELLA,** Co-Founder &amp; CEO, **SimplyFI SoftTech**
* **MARUTISH VARANASI,** Head Big Data Analytics &amp; AI, **Marvelogic Consultancy**

**KEY THEMES DISCUSSED:-**

* IoT and Big Data: The profitable advantage
* Case studies of how large corporations are implementing IoT
* Driving industry innovation with hybrid cloud
* Achieving API development and portal managed services in cloud
* Choosing the right cloud services and tools
* Transforming the culture of business and science with the help of big data
* Cloud Security: Regulatory compliance and adaption for DevOps
* Addressing the new liabilities of Sensitive Data
* Machine learning and data analytics
* Exploring benefits of using cloud for data analytics and machine learning
* Cloud, Edge and Fog Computing - Developing ways for IoT data
* Optimum way to build, evaluate and operationalize artificial intelligence
* Building an adaptable and resilient digital environment

**WHO SHOULD ATTEND:-**

***All job titles starting from the top management from the following categories:***

CISOs, Security Consultants, CTOs, Device Manufacturers, Sensors and Embedded Systems Companies, Systems Integrators, Enterprise Product management and development, Service Providers ‚Äì Fixed, Wireless and Satellite, Developers, Content and Contact Managers, Technology, Product, Strategy, Storage, Business Analysts, Database/Data Center, Hosting, Training, System and Network Integrators, Data Center Managers, Telecoms and Tech, Compliance and Policy, Network Administrators

* **Spot Registration:** 1 Delegate Pass **(INR 8,000 GST (18%) per delegate)**
* **Conference Sponsor &amp; Exhibition Stall** \- Should you wish to Sponsor, Exhibition Stall (Booth) or a paid Speaker Slot are also available

Get more from the event, with a broader scope bringing the whole communications value chain together, Enjoy and make the best out of our dedicated networking time, meet the leading international vendors. Expand your knowledge of the latest business models and strategies in the high-level conference, showcasing the products of tomorrow in the co-located exhibition."
1532344299,Ho mobile su che rete si appoggia?,"Utente Vodafone here. La rete prende bene ma l'offerta che ho adesso non √® il massimo e dal prossimo mese sale a ~14 ‚Ç¨/mese, veramente troppo. Pensavo di passare a Iliad, ma dalle mie parti la rete Wind prende veramente male. Ho mi sembra veramente simile per prezzi e offerte, sapete su che rete si appoggia?"
1532344299,"Vodafone reshapes the Shake Limited Edition: unlimited minutes, but 1,99‚Ç¨ more per month!",
1532344299,T-Mobile Trolls Trump's Iran Tweet Tirade Amid Avalanche Of Parody Memes,"It was inevitable: Trump's furious, all-cap tweet [aimed at Iran's president Rouhani](https://www.zerohedge.com/news/2018-07-23/trump-blasts-irans-rouhani-never-ever-threaten-us-or-suffer-consequences), the president has set off what could be one of the most popular memes on Twitter yet.

To Iranian President Rouhani: NEVER, EVER THREATEN THE UNITED STATES AGAIN OR YOU WILL SUFFER CONSEQUENCES THE LIKES OF WHICH FEW THROUGHOUT HISTORY HAVE EVER SUFFERED BEFORE. WE ARE NO LONGER A COUNTRY THAT WILL STAND FOR YOUR DEMENTED WORDS OF VIOLENCE &amp; DEATH. BE CAUTIOUS!

 ‚Äî Donald J. Trump (@realDonaldTrump) [July 23, 2018](https://twitter.com/realDonaldTrump/status/1021234525626609666?ref_src=twsrc%5Etfw)And just hours after Trump made waves across social media, none other than the official account of the Dutch subsidiary of T-Mobile trlled the president and blasted off the following tweet to its competitors KPN and Vodafone:

To @KPNwebcare + @vodafoneNL: NEVER, EVER TELL PEOPLE YOU HAVE THE BEST NETWORK OR YOU WILL SUFFER CONSEQUENCES THE LIKES OF WHICH FEW THROUGHOUT HISTORY HAVE EVER SUFFERED BEFORE. WE ARE NO LONGER A PROVIDER THAT WILL STAND FOR YOUR DEMENTED WORDS OF LIES &amp; DECEIT. BE CAUTIOUS!

To [@KPNwebcare](https://twitter.com/KPNwebcare?ref_src=twsrc%5Etfw) + [@vodafoneNL](https://twitter.com/vodafoneNL?ref_src=twsrc%5Etfw): NEVER, EVER TELL PEOPLE YOU HAVE THE BEST NETWORK OR YOU WILL SUFFER CONSEQUENCES THE LIKES OF WHICH FEW THROUGHOUT HISTORY HAVE EVER SUFFERED BEFORE. WE ARE NO LONGER A PROVIDER THAT WILL STAND FOR YOUR DEMENTED WORDS OF LIES &amp; DECEIT. BE CAUTIOUS! [pic.twitter.com/RukKiq4poQ](https://t.co/RukKiq4poQ)

 ‚Äî T-Mobile Webcare (@tmobile\_webcare) [July 23, 2018](https://twitter.com/tmobile_webcare/status/1021313203538743296?ref_src=twsrc%5Etfw)It wasn't alone, and as the following examples shows, twitter was quickly engulfed in a firestorm of parodies which touched on everything from the Federal Reserves...

To former Fed Chairman Ben Bernanke: NEVER, EVER PRETEND TO REGULATE BANKS OR CLUELESSLY IGNORE OBVIOUS WARNINGS SIGNS OF AN EPIC BUBBLE AGAIN OR YOU WILL SUFFER CONSEQUENCES LIKE CUSHY JOBS AT CITADEL, PIMCO &amp; BROOKINGS. PEOPLE WILL STILL INTERVIEW YOU THOUGH. BE CAUTIOUS!

 ‚Äî Rudolf E. Havenstein (@RudyHavenstein) [July 23, 2018](https://twitter.com/RudyHavenstein/status/1021409276521148417?ref_src=twsrc%5Etfw)... to the lawnmower kid:

NEVER, EVER THREATEN THE UNITED STATES AGAIN OR YOU WILL SUFFER CONSEQUENCES THE LIKES OF WHICH FEW THROUGHOUT HISTORY HAVE EVER SUFFERED BEFORE. WE ARE NO LONGER A COUNTRY THAT WILL STAND FOR YOUR DEMENTED WORDS OF VIOLENCE &amp; DEATH. BE CAUTIOUS! [pic.twitter.com/QPfV7nVLNI](https://t.co/QPfV7nVLNI)

 ‚Äî Michael Ian Black (@michaelianblack) [July 23, 2018](https://twitter.com/michaelianblack/status/1021338697600512001?ref_src=twsrc%5Etfw)... to Russiagate:

Democrats doggedly pursuing last season's fear campaign, while Trump has moved on. [pic.twitter.com/KjJZEYNrSx](https://t.co/KjJZEYNrSx)

 ‚Äî U.S. Dept. of Fear (@FearDept) [July 23, 2018](https://twitter.com/FearDept/status/1021418376017559552?ref_src=twsrc%5Etfw)... to asset prices:

To Iranian President Rouhani: THOSE OF YOU IN THE OLD SCHOOL WHO BELIEVE THIS IS A BUBBLE SIMPLY HAVE NOT UNDERSTOOD THE NEW MATHEMATICS OF THE BLOCKCHAIN, OR YOU DID NOT CARED ENOUGH TO TRY. BUBBLES ARE MATHEMATICALLY IMPOSSIBLE IN THIS NEW PARADIGM. SO ARE CORRECTIONS AND ALL E

 ‚Äî Mark Constantine (@vexmark) [July 23, 2018](https://twitter.com/vexmark/status/1021412698284863488?ref_src=twsrc%5Etfw)... to He-Man:

To He-Man: NEVER, EVER THREATEN SNAKE MOUNTAIN AGAIN OR YOU WILL SUFFER CONSEQUENCES THE LIKES OF WHICH FEW THROUGHOUT HISTORY HAVE EVER SUFFERED BEFORE. WE ARE NO LONGER AN EVIL STRONGHOLD THAT WILL STAND FOR YOUR DEMENTED WORDS OF FUCKING TWADDLE &amp; UTTER BULLSHIT. BE CAUTIOUS! [pic.twitter.com/RibqgIibEa](https://t.co/RibqgIibEa)

 ‚Äî Skeletor (@GrumpySkeletor) [July 23, 2018](https://twitter.com/GrumpySkeletor/status/1021343031121928193?ref_src=twsrc%5Etfw)... to regional entertainment:

To Foggy Bottom Mayor Humdinger: NEVER, EVER THREATEN ADVENTURE BAY AGAIN OR THE PAW PATROL WILL BE THERE ON THE DOUBLE. MARSHALL, RUBBLE, CHASE, ROCKY, ZUMA, SKYE, THEY‚ÄôRE ON THE WAY. BE CAUTIOUS!

 ‚Äî Dave Itzkoff (@ditzkoff) [July 23, 2018](https://twitter.com/ditzkoff/status/1021356770361577473?ref_src=twsrc%5Etfw)... to Netflix' movie selection:

To Netflix: NEVER, EVER ASK ME IF I'M STILL WATCHING A SHOW AGAIN OR YOU WILL SUFFER CONSEQUENCES THE LIKES OF WHICH FEW THROUGHOUT HISTORY HAVE EVER SUFFERED BEFORE. YOU KNOW I'M STILL WATCHING THE DAMN SHOW. DONT MAKE ME TELL YOU TWICE. BE CAUTIOUS!

 ‚Äî Kage (@swissmistress) [July 23, 2018](https://twitter.com/swissmistress/status/1021277882776080384?ref_src=twsrc%5Etfw)... to email spam:

To random public relations person: NEVER, EVER CALL ME MULTIPLE TIMES TO FIND OUT IF I SAW YOUR BULK-SENT EMAIL OR YOU WILL SUFFER CONSEQUENCES THE LIKES OF WHICH FEW THROUGHOUT HISTORY HAVE EVER SUFFERED BEFORE. I WILL NO LONGER STAND FOR IRRELEVANT EMAILS. BE CAUTIOUS!

 ‚Äî Robin Wigglesworth (@RobinWigg) [July 23, 2018](https://twitter.com/RobinWigg/status/1021422985931108352?ref_src=twsrc%5Etfw)... to golf courses:

To President Trump:
   
 NEVER EVER INVEST IN SCOTTISH GOLF AGAIN OR YOU'LL SUFFER CONSEQUENCES THE LIKES OF WHICH FEW HAVE EVER SUFFERED BEFORE. WE'RE NO LONGER A COUNTRY THAT WILL TOLERATE YOUR OVERPRICED HOSPITALITY, EXPENSIVE GREEN FEES &amp; DUBIOUS BRANDING. BE CAUTIOUS! üòâ

 ‚Äî Ian Fraser (@Ian\_Fraser) [July 23, 2018](https://twitter.com/Ian_Fraser/status/1021419649752330240?ref_src=twsrc%5Etfw)... to sports:

To Iowa Coach Kirk Ferentz: NEVER EVER OFFER ONE OF MY RECRUITS AGAIN OR YOU WILL SUFFER THE CONSEQUENCES THE LIKES OF WHICH FEW HAVE EVER SUFFERED BEFORE OTHER THAN PJ FLECK. WE ARE NO LONGER A PROGRAM THAT WILL STAND FOR YOUR SUPERIORTY COMPLEX AND INFLATED SALARY. BE CAUTIOUS!

 ‚Äî Ya Boy Matt Campbell (@NotMattCampbell) [July 23, 2018](https://twitter.com/NotMattCampbell/status/1021391737644900354?ref_src=twsrc%5Etfw)... to parking practices:

To the owner of the car down the street:
   
   
 ""NEVER, EVER PARK THERE AGAIN OR YOU WILL SUFFER CONSEQUENCES THE LIKES OF WHICH FEW THROUGHOUT HISTORY HAVE EVER SUFFERED BEFORE. I AM NO LONGER ON MY HAPPY MEDS AND WILL NOT STAND FOR YOUR WHEELS AND GEARS! BE CAUTIOUS!""

 ‚Äî Tim Page (@TimPageWriter) [July 23, 2018](https://twitter.com/TimPageWriter/status/1021426025627111424?ref_src=twsrc%5Etfw)... and even Ikea.

To IKEA: NEVER, EVER GIVE ME THREE EXTRA SCREWS AGAIN OR YOU WILL SUFFER CONSEQUENCES THE LIKES OF WHICH FEW THROUGHOUT HISTORY HAVE EVER SUFFERED BEFORE. WE ARE NO LONGER FILLING OUR JUNK DRAWERS WITH USELES PARTS AND WE WON‚ÄôT STAND FOR YOUR SUB PAR MEATBALLS!

 ‚Äî Seth Goodtime (@SethGoodtime) [July 23, 2018](https://twitter.com/SethGoodtime/status/1021271582885449730?ref_src=twsrc%5Etfw)¬†

   
   
 from RSS https://ift.tt/2OeYhp0
   
 via [IFTTT](https://ifttt.com/?ref=da&amp;site=reddit)"
1532344299,"@MarketCurrents: Vodafone India, Idea make deposit to clear merger path https://t.co/8JDrExfvWd $VOD $ICLQY",
1532344299,Data speeds capped at 1.5mb,"I am currently  looking at getting a new phone plan in Adelaide, Australia and Vodafone are offering the iPhone X with unlimited data but it is capped at 1.5mb is this going to be an issue for me when trying to use my phone normally, I am unaware of the speeds I need to watch YouTube videos and FaceTime etc. And didn‚Äôt want to ask Vodafone as they would only try to sell me on it anyway.

Thanks in advanced!"
1532344299,Question about vodafone adsl and latency,"I'm currently subscribed to tedata on the MegaPlus package. My latency is absolute garbage. One day it's 80-90ms, the other day it's 90-125ms and sometimes 150+.  
I can change my latency by simple ""resyncing"" my router which leads me to think that it's just an overload on their part.  
And I used to have a **stable** 60ms back in 2016. Maybe it's related to the DPI stuff they installed?  
&amp;nbsp;  
Does vodafone have better latency than tedata? Or is it also garbage because they take their internet from them?  
Specifically to this IP '37.244.25.130' (It's for overwatch)  
avg ping from tedata: 72-85ms (32 bytes)"
1532344299,Please review my thesis on the motivation for the Berlin Wall,"As a student of history, I have developed an unconventional thesis on the assessment of the Berlin Wall. Please read with an open mind:

Just last month, my father was stationed in Germany for a while in the telecom contract project for my company. He has been to Germany many times because of his work and know many people from companies like Vodafone and Nokia. I remember CNN on the night of Celebration of some anniversary of the collapse of the Wall, where the German Chancellor came to speak to a large crowd outside the Brandenburg Gate, and Hilary Clinton also spoke. At the end of the ceremony, the organizers had a segment in which about 12 life-size ""walls"" were sequentially arranged and toppled as a domino, symbolizing the ""fall"" of all the ""walls"" of the dictatorship of the world and the ultimate victory of liberal democracy , Then something very dramatic happened, at the last stage of the domino was a wall with clearly Chinese characters and symbols on it, not sure why it was Chinese, maybe just a coincidence. But this last wall, which refused to fall, came the organizers and tried to push them to complete the Domino, but somehow he got stuck, stood up and refused to move. In an anti-climatic mood, they had to end this ""incomplete"" domino show by accusing technical issues. Rarely has this little ""embarrassment"" ever been mentioned again. 

Over the Berlin Wall, I never believed that it was an ' evil ' thing, as the liberal Western media always claimed. First, the Soviet Union has never built similar baroque in its own country to prevent its citizens from fleeing to the west, never building similar walls in any other Eastern European country, never building such a wall in other adjacent Countries. Why should this wall only be built in East Germany?

We all know that the German people committed massive crimes during the Second World War. During the war, German citizens killed a large number of Soviet soldiers, a large number of Jews and mostly Germans supported Hitler's policy against the Jews. During the late phase of the war, when the Red Army invaded Berlin, the Berliners attacked the weapons to fight the Soviet soldiers, including German children and seniors. Many Soviet soldiers, when their guards crashed, were killed by bombs on the road and other surprised attacks by German civilians, which were very similar to the present situation in Iraq and Afghanistan. If the German people gave up the resistance earlier, the Allies would have won the war sooner, and much less lives would have been lost.

Therefore, we can conclude that the German-Civilian population has committed a collective crime. If there were less than 100 people who committed a crime that deserves the death penalty, then these people could simply be executed as in Nuremberg. But if there is much more than 100, say 200,000 people, then the execution of 200,000 people is too cruel, too impractical. So, an alternative punishment, that the Soviet Union had a temporary restriction on the mobility and freedom of these criminals, similar to a prison.

Thus the construction of the Berlin Wall is only a massive Jailhouse for the criminals who were the German people. Of course, not all crimes against Allied soldiers have been committed within the German population. There were only a few courageous **antikriegsgegner**, anti-fascist heroes, such as the former East German communist leader Erich Honecker. That is why it was natural for people like Erich Honecker to be instructed to lead the efforts in the maintenance of this wall.

And that is the main reason why many inmates from East Germany tried to flee to West Germany, which is interpreted by the Western media as ' escape to freedom '. But it was really just illegal jailbreak attempts. If you try to break out of a prison, the prison wardens will have the right to shoot you.

And while I have had some discussions in Germany about the Berlin Wall and the post-Cold War situation in Germany. While many West German liberal intellectuals all welcomed the fall of the wall as a victory for the German people, many East German intellectuals had many complaints, complaints about the fall of their pensions, the decay of their income, the erosion of social security, etc. After the fall of the wall, and most of the old East German intellectuals and residents still think that the fall of the wall was a tragedy in itself. I of course with the East Germans. "
1532344299,Pre-paid mobile,"I am visiting Fiji for a week soon and would like to be able to contact people via mobile data. Before you scold me I won't spend half of my holiday on my phone but would like to have the ability to communicate with family back home if needed.

I have the option of buying a roaming data pack from my provider here in Aus but it is pricey and was wondering if I can get a pre-paid sim with a data bundle for a reasonable price. Vodafone Fiji has some pricing on it's website but the information seems to be out of date. Will I need to buy a pre-paid pack with SMS and calling mins before I can buy a data bundle or can I just get a data bundle?"
1532344299,Got sent an unsolicited iPad from Vodafone. Anyone familiar with Victorian consumer law?,"Last Friday Vodafone rang me and asked if I wanted to up my data usage, as I frequently go over my allowance. The phone called lasted about ten minutes and I ummed and ahhed about it but eventually opted out. My reasoning was that I didn‚Äôt want them to send me a new SIM card because I have no use for it and it‚Äôs wasteful. According to them, the deal just comes with a new SIM card, no way around it. Whatever, I figure I can just go into a store and tell them to hold the SIM card, and my plan doesn‚Äôt roll over for a few weeks anyway. At one stage during the call they tried to push an iPad on to me, it was difficult to fully grasp the conditions of the iPad due to a thick accent and the ridiculously quick talking pace of the salesman. During the call I did at one stage agree to an increased data plan (pulling out towards the end of the call) but at no stage of the call did I agree to an iPad. I explicitly said that I have no use for one and do not want one. At the end of the call I made it very clear that I did no want any upgrade or additional devices etc etc. 

Later that day I got a text from Vodafone saying I could track my order. Huh, weird, as I didn‚Äôt actually order anything. Sure enough, an iPad is on the way. Today said iPad arrived and was signed for by another resident of my address. 

I haven‚Äôt opened the iPad, it is still in its full packaging, plastic seal and all. If I do have to return it, it will be fine for resale etc. 

Being the poor scumbag I am, I wanna know if I have any grounds to keep the iPad without paying for it (judge me all you want). Not the most moral thing to do, but hey, I could seriously do with the money from selling this sucker and I genuinely did not order it. 

I imagine I will get billed for it on my next billing cycle. I have the time and date of the call saved so they can look up the recording when I dispute the charge. 

Is anyone familiar with Victorian consumer law that can offer some insight? "
1532344299,"Vodafone, Idea Cellular pay up Rs 72 billion to govt, nod for merger soon",
1532344299,Vodafone goes Agile but says staff won't have to sign new contracts. Digital Vodafone 2021,
1532344299,Question About Vodafone Adsl And Latency,"I'm currently subscribed to tedata on the MegaPlus package. My latency is absolute garbage. One day it's 80-90ms, the other day it's 90-125ms and sometimes 150+.  
I can change my latency by simply ""resyncing"" my router which leads me to think that it's just an overload on their part.  
And I used to have a **stable** 60ms back in 2016. Maybe it's related to the DPI stuff they installed?  
&amp;nbsp;  
Does vodafone have better latency than tedata? Or is it also garbage because they take their internet from them?  
Specifically to this IP '37.244.25.130' (It's for overwatch)  
avg ping from tedata: 72-85ms (32 bytes)"
1532344299,"Vodafone, Idea pay ‚Çπ 7,249 crore under protest for merger",
1532344299,ELI5- Vodafone Idea merger.,"Today I read on LiveMint that Rs. 3,926.34 CR have been paid to telecom department in cash and so on... 

Why? I am I am such a noob and fail to understand this merger. Please explain."
1532344299,"Vodafone, Idea Cellular pay up Rs 72 billion to govt, nod for merger soon",
1532344299,"Vodafone To Access 4G Spectrum Soon - Ghana‚Äôs Vice President, Alhaji Mahamudu Bawumia",
1532344299,"TD BUY $VOD at 23.50, Supp 23.28 Resis 25.32 R9 HiLo 3% T1Y 34 strong_buy 1.0 PE 23.0 DIV 7.09% #Vodafone G #stocks #trading #finance #market ‚Ä¶",
1532344299,"Paid Hotspot, Vodafone will refund all users",
1532344299,Internet,"Finally in Glasgow!

Any ideas Now Broadband vs Vodafone? Should I stay away from either of these?"
