1532336400,"Salut. Desi stau mai mult in afara tarii decat in tara, mi-am pastrat numarul romanesc (cartela prepay Vodafone). Ca atare, pentru ca nu consider potrivit pentru mine niciunul dintre telefoanele dual sim, sunt nevoit sa car dupa mine 2 telefoane (telefonul principal cu cartela locala si telefonul secundar cu cartela prepay de la Vodafone Romania).

**Cum fac sa scap de al doilea telefon?**

Inteleg ca pentru cartelele prepay se pot redirectiona toate apelurile doar catre mesagerie (sigur pentru Vodafone si Orange). Pentru abonamentele de la Vodafone si Orange se pot redirecta apelurile dar doar catre numar de Romania. Inteleg ca tehnic, la abonamentul de Digi pot redirecta toate apelurile catre un numar international (si Optim Nelimitat include minute gratuite catre numarul meu local, abonamentele altele decat Nelimitat nu includ, Belgia fiind considerata zona 2).

**Totusi, citesc ca cei care fac redirectari de genul asta se trezesc cu abonamentul blocat... ceva legat de terminare ilegala VOIP. Sincer nici nu stiu ce este aia... eu am nevoie de asta in limita a maxim 30-40-50 de minute pe luna cat primesc telefoane. Si nu stiu... cei care au probleme abuzeaza de sistem in vreun fel sau pur si simplu softul de la Digi identifica in mod gresit toata chestia asta?** Am citit despre treaba asta cu abonamentele blocate si pe roddit si pe softpedia.

**Pe scurt:** la abonament Digi Nelimitat, in limite absolut rezonabile 30-40-50 de minute pe luna, daca far redirectare permanenta, o sa am probleme?"
1532336400,"We have so much choice though. BT (who is with sky I think?), Virgin, Sky, Talk talk (eugh), and many phone companies. I'm with Vodafone and apart from a few drops they're great."
1532340000,"In Romania though, Orange is still way overpriced (and acts as a cartel with Vodafone and T-Mobile), as opposed to the much more reasonable service from Digi (RCS-RDS)."
1532343600,"Why are Vodafone so bloody inept?

They couldn't supply broadband in my new flat so I cancelled back in May.

Cancelled my Direct Debit just in case they kept billing me. 

They did.

Customer support said they system can't cancel my broadband account. It keeps cancelling the cancellation and scheduling a new date. She'd zero out my charges though and make sure I'm  not liable for anything.

Three weeks later and I'm getting texts and calls about non-payment on my phone account. Apparently, they've somehow cancelled the Direct Debit on that and I'll probably have a cheeky late payment charge next month."
1532343600,"Yeah. My ping increased by 10/12 ms in last 2 weeks. I am on Steam, ISP Vodafone, location: Italy."
1532343600,"Aconselho-te vodafone ou MEO.
Eu tenho NOS e estou com problemas de internet desde Novembro por isso foge deles. "
1532347200,"Regra 10

H√° v√°rios t√≥picos sobre isso.

Consenso: Vodafone"
1532347200,"&gt;Go into a Three shop,

 **FUUUUUUUUUUCK NO NO NO NO.** 

The most reliable network on the west coast, even out in Connemara is Vodafone.   Fuck, I got 100mb/s 4G at the campsite in Fanore on the Clare coast.  What OP needs is range and reliability, not a load of data in the event that you *actually* find a place with service."
1532350800,"As a mobile provider they're actually pretty decent, so it's surprising how bad their broadband team is.

For God knows what reason, they tried to install a new fibre line to my house instead of using the FTTC one I already had. OpenReach seemed to struggle as there was no way to get direct fibre into my house. Kept calling Vodafone and they were basically fobbing me off, blaming OpenReach, and telling me that it'll get done in a few days.

About a month passed. I finally had enough, cancelled, moved to another provider, and two weeks later I was up and running.

Bloody useless."
1532350800,Google (e il mio edicolante) dice che si appoggia alle reti Vodafone.
1532350800,"Ciao, si appoggia su rete Vodafone. Dovrebbe quindi andare come vodafone, forse leggermente peggio solo in caso di congestione. "
1532350800,"It's because people here either finance their phones or use leasing plans, and pay insurance on top of them. I'd wager that at least a third of OP's phone bill is for the device.

*And*, the US carriers have to have fairly extensive roaming agreements, which drives the cost up some. There's no company in the US, excepting maybe Verizon, that provides dependable coverage in even many semi-rural areas.

I pay $110 for unlimited data and calls and discount international calls for 2 lines of T-mobile, which is roughly in-line for what BYO Telstra or Vodafone plans of a similar nature go for on a per-line basis."
1532350800,Ho Mobile √® la societ√† low cost di Vodafone. La rete √® la stessa.
1532350800,"Vodafone don't care. You get what you pay for.    
I had the bestest experience with good old telekom, on a quite difficult problem. Vodafone however managed to fuck their (much easier) part up.   
And in the same vein: I used to have QDSL, double the price, but the best service you can imagine. Internet problems in the evening, called the hotline, they confirmed my mobile phone number and an actual technician called me back within the hour. He had already checked the logs of my modem, there was an issue with the line, they triggered a check with telekom and the telekom dude came the next morning around 8 and had fixed it at 8:15."
1532350800,"Btw you put an * on either side of a word to make it slanted, I think that's what you were trying to do.

But damn those speeds are ridiculously high and you can't play because of NAT type? I'm in Ireland and I use Vodafone. Wasn't even LTE, was H/H+ most of the time. The speeds are definitely under 5 mb/s anyway, but the NAT type must be pretty good. Haven't checked, it just works."
1532354400,"&gt; [In May 2018, Vodafone announced that it would acquire the company.\[3\]](https://en.wikipedia.org/wiki/UPC_Romania)

well, it's consolidated with Vodafone now, I guess."
1532354400,"vodafone UK 

r/AskReddit 

u/Exauster ‚Ä¢ 2h 

09:16 

* 620/0 (e) 

If you could enhance one of 

your senses by 50% which one 

would you choose? 

32 

BEST COMMENTS 

seraphsrage ‚Ä¢ 2h 

Sense of self-worth 

9 Reply 

L Share 

16 + 



---

v0.5.0 | This message was posted by a bot. | [FAQ](https://www.reddit.com/r/TranscribersOfReddit/wiki/index) | [Source](https://github.com/GrafeasGroup/tor) | Questions? [Message the mods!](https://www.reddit.com/message/compose?to=%2Fr%2FTranscribersOfReddit&amp;subject=Bot%20Question&amp;message=)"
1532354400,"Vodafone. Io sono scappato da iliad verso Ho. Mobile per disperazione. Adesso nessun problema , mi trovo benissimo :)"
1532354400,"When me and the wife moved here to Australia, we got what is called a temp SIM. Like pay as you go in SA. You pay once off $30 and get unlimited calls and smss plus 30gb of data for 30 days. She got one from Vodafone and I got one from Optus. With slight differences like price and total data. The reception was incredible and we didn't have to RiCA Fica or any of that kak, just show passport and pay. This is targeted tompeople who obviously come here in holiday.  
  
We have since kept those numbers but upgraded to Telstra contracts for $50 a month, with a Google Pixel XL 2, Google Home mini and Beats headphones. 30gb data shared, unlimited calls and smss and cheap international calls to South Africa (you can specify a country).  
  
Honestly, they (üá¶üá∫) are not the top of the crop in the world, but fuck me, do they kick MTN, Vodcum, Telkak and CellC in the balls in comparison..."
1532354400,"&gt;Unter anderem schl√§gt die Regierung in Wien vor, den Anbietern von Kommunikationsdiensten zu erlauben, Metadaten auch ohne Einwilligung der Betroffenen zu sammeln ‚Äì auch f√ºr andere Zweck als die urspr√ºnglich vorgesehen. Netzbetreiber wie die Telekom Deutschland, Vodafone und O2, aber auch Diensteanbieter wie WhatsApp und Skype k√∂nnten damit umfassende Analysen des Kommunikationsverhaltens zu Werbezwecken rechtfertigen. Die Voraussetzung daf√ºr soll sein, dass der neue Verwendungszweck ‚Äûkompatibel‚Äú mit dem urspr√ºnglichen Zweck ist, und dass die Daten pseudonymisiert werden. ‚ÄûKompatibilit√§t‚Äú kann allerdings vieles bedeuten ‚Äì langwierige juristische Auseinandersetzungen sind vorprogrammiert.


&gt;Dar√ºber hinaus schl√§gt √ñsterreich vor, den gesamten Artikel 10 der Verordnung zu streichen. Dieser schreibt vor, dass Nutzerinnen und Nutzer einfach √ºber ihre Browser signalisieren k√∂nnen, ob sie damit einverstanden sind, dass ihr Surfverhalten aufgezeichnet wird. Das EU-Parlament fordert, dass diese Einstellungen standardm√§√üig so eingestellt sein sollen, dass sie Tracking unterbinden. Wer Informationen √ºber das Online-Verhalten von Website-Besuchern sammeln m√∂chte, m√ºsste dann erst um ihr Vertrauen werben und sich ein Okay geben lassen. Die √∂sterreichische Regierung stellt sich nicht nur gegen diese Privacy-by-Default-Regelung, sondern will den ganzen Mechanismus aushebeln. Nutzerinnen und Nutzer m√ºssten sich dann weiterhin selbst aufwendig vor Tracking sch√ºtzen.
√ñsterreich will Artikel 10 mit dem Argument streichen, die Nutzerinnen und Nutzern seien m√ºde. Niemand wolle st√§ndig Cookie-Banner anklicken und neu entscheiden, ob er oder sie der Aufzeichnung des eigenen Verhaltens zustimmt. Tats√§chlich k√∂nnte die vom EU-Parlament favorisierte Browser-L√∂sung mit datenschutzfreundlichen Voreinstellungen in Artikel 10 allerdings genau dazu f√ºhren, diesen Status Quo zu beenden.

**wtf**"
1532354400,"Still unlimited data usage to me. Not what you can do by means of ""nothing"", it's ""anything"" but not ""everything"" (No sharing, tethering or hotspot). Same wherever you are in this world, Telcos finds a way to give such a service while balancing both sides favours. Lucky for NZ, Vodafone gives you a 22GB. Believe me, speed reduction can help prolong your phone's life."
1532358000,"They OWN Android... it is their product; they are well with in their right and the bounds of ethical business to dictate how their brand partners (ex: Samsung, LG, HTC, AT&amp;T, Vodafone etc.) use their products. That includes compelling them to sell *ONLY* Google licensed Android products. "
1532361600,"The laws in Turkey require this inorder to prevent citizens to buy mobile phones without taxes. The taxes for mobile phones are too high that even having ticket to Europe and buying an iPhone there costs less than buying from Turkey. The no-registration time is not 30 days, it is 120 days which is 4 months.

Since IMEI's are tied up to baseband and basebands are locked since 3GS (or sometime around those phone), changing IMEI is not possible.

If you are tourist here, the registrations are not required, just visit a mobile carrier office and talk with them. You can try the ones in more crowded places or check for non-franchise shops by Turkcell, Vodafone or Turk Telekom, you can find someone with fluent English to help you."
1532361600,"
**Sans t√©l√©phone ni Internet**

Au reste, aujourd‚Äôhui ce ne sont pas les m√©dias qui donnent √† voir aux habitants du Donbass ce qui se passe en Ukraine, et inversement. Chacun peut se faire une id√©e de la r√©alit√© de l‚Äôautre gr√¢ce aux r√©seaux sociaux et aux messageries, gr√¢ce aussi √† leurs relations familiales et amicales. Les proches et les amis se racontent ce qui se passe, font des comparaisons, et ceux des Ukrainiens qui auraient pu rester loyaux envers la Russie, voyant comment elle traite leurs proches dans le Donbass, remercient Dieu qu‚Äôelle ne soit pas arriv√©e jusqu‚Äô√† eux. Le seul moyen pour la Russie de conserver la loyaut√© des Ukrainiens aurait √©t√© de se montrer attentionn√©e envers les R√©publiques s√©paratistes. Ce que la Russie n‚Äôa pas fait. Elle n‚Äôa pas accord√© √† leurs habitants la nationalit√© russe et en a abandonn√© beaucoup, qui survivent tant bien que mal sous les tirs dans les zones grises.

La popularit√© des autorit√©s s√©paratistes est en baisse, alors qu‚Äôen 2015, d‚Äôapr√®s leurs sondages, Zakhartchenko √©tait soutenu par 80 √† 83 % de la population. L‚Äôautorit√© des pouvoirs publics a pris un sacr√© coup avec la panne du r√©seau mobile d√©but 2018. Le relais de l‚Äôop√©rateur MTS qui se trouvait dans la zone d√©militaris√©e a √©t√© touch√© par des tirs. Les autorit√©s de la DNR n‚Äôayant pas r√©ussi √† se mettre d‚Äôaccord avec Vodafone pour r√©parer conjointement le relais, ont pens√© que de cette mani√®re les habitants seraient contraints de passer chez l‚Äôop√©rateur local Ph√©nix.

Ni guerre ni paix. Mais ce dernier n‚Äôa pas support√© la surcharge, et beaucoup d‚Äôusagers se sont retrouv√©s sans t√©l√©phone ni Internet. Ce qui les a d√©moralis√©s, et a renforc√© leur sentiment d‚Äôabandon et d‚Äôisolement du monde. Beaucoup, comme Andre√Ø, pensent que le pouvoir a sacrifi√© leurs derniers restes d‚Äôoptimisme pour gagner de l‚Äôargent avec son op√©rateur. Il est d‚Äôores et d√©j√† clair que les habitants de Donetsk ne voteront pour Zakhartchenko que s‚Äôil est le seul candidat de Moscou, et uniquement parce qu‚Äôils d√©testent plus encore Kiev, qui les arrose de roquettes jusqu‚Äô√† ce jour.

Depuis qu‚Äôil a pass√© le bac, Andre√Ø n‚Äôa pratiquement plus ouvert un seul livre. Il n‚Äôappartient pas √† l‚Äôintelligentsia de la ville, mais, contrairement √† ses repr√©sentants, il a su trouver les mots pour parler √† la guerre, disant √† son premier douanier : ‚ÄúJ‚Äôai une famille √† nourrir, et toi aussi. Ce sera notre moyen de survie.‚Äù S‚Äôil avait lu des livres, il aurait pu d√©crire autrement ces lieux, cette √©poque, ces gens et son propre √©tat. Son discours aurait √©t√© √©maill√© de ces termes qu‚Äôutilise l‚Äôintelligentsia tapie dans les bars bon march√© dont les propri√©taires se font parfois arr√™ter : marasme, ni guerre ni paix, zone grise, tristesse, m√©lancolie, et tristesse encore.

**Les gens en viennent √† esp√©rer une nouvelle phase active du conflit**

Parmi les n√©ologismes du Donbass, il y a un nouveau synonyme pour ‚Äúguerre‚Äù : ‚Äúaccords de Minsk‚Äù [processus de n√©gociation dans l‚Äôimpasse depuis plusieurs mois]. Exc√©d√©s de vivre sous les accords de Minsk, les gens en viennent √† esp√©rer une nouvelle phase active du conflit. Il y a quelques jours, le conflit a fait mine de se r√©activer √† Gorlovka. L√†-bas, il y a eu et il y a aujourd‚Äôhui des bless√©s, des morts et des maisons d√©truites. La t√©l√©vision de la DNR explique que les tirs proviennent de Gladossovo, une position peu avantageuse qui, pour cette raison, aurait √©t√© abandonn√©e √† l‚Äôarm√©e ukrainienne √† l‚Äôautomne 2017. Un exemple de l‚Äô‚Äúoffensive rampante‚Äù ukrainienne dans la zone d√©militaris√©e.

Sauf que les proches et les amis appellent et √©crivent des messages depuis le secteur : ‚ÄúGolma a essuy√© des tirs il y a trois heures‚Äâ! Encore trois roquettes de gros calibre‚Äâ! Ces connards tirent depuis Gladossovo, que les n√¥tres ont perdu, et ils disent maintenant que c‚Äôest une position peu avantageuse pour les Ukrainiens. Les cr√©tins. Notre artillerie n‚Äôarrive pas √† r√©pliquer. √Ä peine on donne les coordonn√©es et on arme qu‚Äôils se sont fait la malle.‚Äù Et moins la DNR de la t√©l√© ressemble √† celle de la r√©alit√©, plus ses habitants s‚Äô√©loignent de la Russie et du pouvoir qui leur raconte depuis les hauteurs des panneaux publicitaires qu‚Äôici on construit ‚Äúune soci√©t√© juste de citoyens √©gaux‚Äù, que la population est ‚Äúle v√©ritable ma√Ætre de la DNR‚Äù, et qu‚Äôil faut vivre librement et agir honn√™tement.

L‚Äôintelligentsia pond de nouvelles blagues sarcastiques √† l‚Äôapparition de chaque nouvelle affiche. Tandis que les gens comme Andre√Ø ne les remarquent m√™me plus, retranch√©s dans leur indicible tristesse ‚Äì l‚Äôunique refuge lorsqu‚Äôon n‚Äôa plus nulle part o√π aller et qu‚Äôon se sent comme le type dans la blague sur Donetsk.

Marina Akhmedova et Vitali Le√Øbine"
1532361600,"Basta.
Dopo l'ennesimo aumento di Vodafone ho deciso di cambiare.
Iliad o ho? A voi la scelta. "
1532361600,Dipende da cosa prende di pi√π dalle tue parti (Wind per Iliad o Vodafone per Ho) 
1532361600,"Uno qualsiasi, epoi sfrutta la winback di Vodafone, io faccio cos√¨ da 3 anni e adesso ho 20 gb a 7 euro al mese con Tim"
1532361600,"per cosa? Vodafone ha gi√† rimodulato del 30% in pi√π i winback dei passati a iliad, dopo una sola settimana!!!"
1532365200,"Effettivamente Vodafone e√® tra le pi√π stronze con le modifiche unilaterali, io ho sempre fatto passagi da wind a tim, e qualche volta tre."
1532365200,"ho √® vodafone con nome diverso, creata con l'unico scopo di confondere il mercato e togliere clienti a iliad

tra qualche mese o tra qualche anno, quando avr√† finito il suo scopo, mi aspetto che faccia la fine di tele2, tutti i clienti rimodulati dentro ladrafone e aumenti del 50%"
1532365200,"idem, ma mi sono trovato meglio con vodafone che wind, quindi vada per ho."
1532365200,A mio padre hanno detto che non puo cambiare da vodafone a ho quando √® andato a chiedere...
1532365200,"Iliad tutta la vita, Vodafone hai la garanzia che te lo metta nel culo dopo un mese, almeno con i francesi hai il beneficio del dubbio"
1532368800,"Stessa situazione. Io ci ho provato a tenere Vodafone nonostante l'offerta obsoleta e che non valeva il suo prezzo, per√≤ poi fanno pure 'ste cose... Sto considerando di passare ad un altro operatore, anche allo stesso prezzo, solo per principio."
1532368800,"Get a cheap prepaid SIM for each of the major networks - Vodafone, Airtel and jio. Use them in places where you will be most of the time and then make a call. As you can see from the comments the network quality is different in different areas....price wise almost all of them are similarly priced."
1532372400,"VoLTE is carrier dependent. The setting (toggle) will not show on your phone unless your operator enables it. Vodafone here denied to enable it on my Imported Nokia 7 while all models launched in India support it fine. So, i finally decided to move to a different operator."
1532372400,"That could be very right too. Vodafone here initially needed a software update from Nokia before their (just launched) VoLTE was usable. Seems like a both sided game. Carrier and OEM together test the VoLTE compatibility and then carrier enables support for the phone and phone enables support for the carrier via OTA.
However, then why in my case the phone imported from China has support for another carrier's VoLTE but not Vodafone's. Vodafone did admit to me that my device doesn't form a part of their list of VoLTE enabled phones and they won't enable it for me unless Nokia and they test my phone model for compatibility.
The whole VoLTE thing is quite confusing right now. "
1532376000,Thanks. Turns out it's because Vodafone need me to register a credit card detail to look at Playboy because its classified as porn. Yeah. 
1532376000,"Cambiare ho al posto di Vodafone √® come lamentarsi che un ristorante ha prezzi troppo alti e quindi decidere di non andarci pi√π, poi per√≤ ci vai lo stesso, ma entrando dal retro cos√¨ da non vedere l'insegna all'entrata. "
1532376000,"Beh passare da Vodafone a ho cambia solo l'offerta poich√© la societ√† che gestisce ho, la VEI √® di propriet√† della Vodafone. Probabilmente Corporate ha detto agli addetti dei negozi che il passaggio non si pu√≤ fare."
1532379600,"Fine

üëèüèªbringüëèüèªbacküëèüèªvodafoneüëèüèª"
1532379600,"Vodafone, total utter shit the moment something goes wrong. Ended up getting a grand in compensation and a letter of apology after 18 months of the worst service I‚Äôve ever had.

Also the phone was a iPhone 6+, now THAT was a pain in the ass. Once I looked at the instructions and removed it, it was a pretty good phone."
1532379600, I've had no problem with the 4g signal on Vodafone in Edinburgh. 
1532383200,Cheers! i must say that Vodafone is an absolute free-for-all when it comes to the future and cure you. I found this source [Space Calendar 2017](https://www.google.com/amp/amp.space.com/32286-space-calendar.html) it seems to me there should be a close representation of what it might've looked like in the Martian (sort of).
1532383200,"In Siegelbach, we had three internet providers, two had data caps. Seemed to vary from area to area. T-Mobile was the major provider and they had data caps. Vodafone provided the uncapped DSL."
1532383200,Uhm. Today a coworker signed a Vodafone contract so she could get a Huawei p20 pro and will be spending 1100 euro &amp; will have to pay for 30 months. I checked and it was available on Amazon for 650‚Ç¨. I don't know. Doesn't make sense to me.
1532383200,"Vodafone, a multi-million dollar capitalist corporation sent me an iPad. Yeah, I‚Äôm such a piece of shit because I wanna get a months rent out of their mistake, that they monetarily won‚Äôt even notice. "
1532383200,They haven‚Äôt upped my plan. Just logged on to my Vodafone and can‚Äôt find any reference at all to the iPad. 
1532383200,Why call Vodafone when you can ask /r/Melbourne?
1532383200,Rinse them if you can. Corporations try to rinse us every day. Bit naive to claim some sort of moral failing for not returning unwanted crap to a corporation. Do you return vouchers or catalogues you receive without asking for them? In the context of a global corporation like Vodafone there‚Äôs no difference between junk mail costing a few cents and an iPad work a couple of hundred. 
